**Schema (MySQL v5.7)**

    -- Create Department table
    CREATE TABLE Department (
        department_id INT PRIMARY KEY,
        name VARCHAR(50) NOT NULL
    );
    
    -- Create Employee table
    CREATE TABLE Employee (
        emp_id INT PRIMARY KEY,
        name VARCHAR(100) NOT NULL,
        age INT,
        salary DECIMAL(10, 2),
        department_id INT,
        hire_date DATE,
        FOREIGN KEY (department_id) REFERENCES Department(department_id)
    );
    
    -- Create Project table
    CREATE TABLE Project (
        project_id INT PRIMARY KEY,
        name VARCHAR(100) NOT NULL,
        department_id INT,
        FOREIGN KEY (department_id) REFERENCES Department(department_id)
    );
    
    -- Insert data into Department table
    INSERT INTO Department (department_id, name) VALUES
    (1, 'IT'),
    (2, 'HR'),
    (3, 'Finance'),
    (4, 'Marketing');
    
    -- Insert data into Employee table
    INSERT INTO Employee (emp_id, name, age, salary, department_id, hire_date) VALUES
    (1, 'John Doe', 28, 50000.00, 1, '2020-01-15'),
    (2, 'Jane Smith', 34, 60000.00, 2, '2019-07-23'),
    (3, 'Bob Brown', 45, 80000.00, 1, '2018-02-12'),
    (4, 'Alice Blue', 25, 45000.00, 3, '2021-03-22'),
    (5, 'Charlie P.', 29, 50000.00, 2, '2019-12-01'),
    (6, 'David Green', 38, 70000.00, 4, '2022-05-18'),
    (7, 'Eve Black', 40, 55000.00, 3, '2021-08-30');
    
    -- Insert data into Project table
    INSERT INTO Project (project_id, name, department_id) VALUES
    (1, 'Project Alpha', 1),
    (2, 'Project Beta', 2),
    (3, 'Project Gamma', 1),
    (4, 'Project Delta', 3),
    (5, 'Project Epsilon', 4),
    (6, 'Project Zeta', 4),
    (7, 'Project Eta', 3);
    
    
    -- Insert additional data into Department table (if needed)
    -- No additional departments needed for this data set
    
    -- Insert additional data into Employee table to test edge cases for joins and nested queries
    INSERT INTO Employee (emp_id, name, age, salary, department_id, hire_date) VALUES
    (8, 'Frank White', 32, 48000.00, NULL, '2021-07-10'),  -- Employee without a department
    (9, 'Grace Kelly', 27, 65000.00, 1, '2018-11-13'),
    (10, 'Hannah Lee', 30, 53000.00, 4, '2020-02-25');
    
    -- Insert additional data into Project table to test edge cases for joins
    INSERT INTO Project (project_id, name, department_id) VALUES
    (8, 'Project Theta', 1),
    (9, 'Project Iota', NULL);  -- Project without a department

---

**Query #1**

    -- 46
    SELECT *
    FROM Employee
    WHERE salary = (SELECT MAX(salary) FROM Employee);

| emp_id | name      | age | salary  | department_id | hire_date  |
| ------ | --------- | --- | ------- | ------------- | ---------- |
| 3      | Bob Brown | 45  | 80000.0 | 1             | 2018-02-12 |

---
**Query #2**

    -- 47
    SELECT *
    FROM Employee
    WHERE salary > (SELECT AVG(salary) FROM Employee);

| emp_id | name        | age | salary  | department_id | hire_date  |
| ------ | ----------- | --- | ------- | ------------- | ---------- |
| 2      | Jane Smith  | 34  | 60000.0 | 2             | 2019-07-23 |
| 3      | Bob Brown   | 45  | 80000.0 | 1             | 2018-02-12 |
| 6      | David Green | 38  | 70000.0 | 4             | 2022-05-18 |
| 9      | Grace Kelly | 27  | 65000.0 | 1             | 2018-11-13 |

---
**Query #3**

    -- 48
    SELECT MAX(salary) AS second_highest_salary
    FROM Employee
    WHERE salary < (SELECT MAX(salary) FROM Employee);

| second_highest_salary |
| --------------------- |
| 70000.0               |

---
**Query #4**

    -- 49
    SELECT d.name, COUNT(e.emp_id) AS employee_count
    FROM Department d
    JOIN Employee e ON d.department_id = e.department_id
    GROUP BY d.name
    ORDER BY employee_count DESC
    LIMIT 1;

| name | employee_count |
| ---- | -------------- |
| IT   | 3              |

---
**Query #5**

    -- 50
    SELECT e.name, e.salary, e.department_id
    FROM Employee e
    WHERE e.salary >
    (
        SELECT AVG(e2.salary)
        FROM Employee e2
        WHERE e2.department_id = e.department_id
    );

| name        | salary  | department_id |
| ----------- | ------- | ------------- |
| Jane Smith  | 60000.0 | 2             |
| Bob Brown   | 80000.0 | 1             |
| David Green | 70000.0 | 4             |
| Eve Black   | 55000.0 | 3             |

---

[View on DB Fiddle](https://www.db-fiddle.com/)